Scene_Name,step,historyId,type,answer,text-自學,text-導學,speaker,correct,autoNext,audio-自學,audio-導學,UniqueId,
VR_Sample,0,903,text,,歡迎光臨-自學模式,歡迎光臨-導學模式,default,,3,0,1,YZHARCAPETVJWZATQOAIPULOARJIYFJTEFBOKSEZXKTZOZ,
VR_Sample,1,903,text,,在這裡我們會由學生自己探索，會有一些小提示協助你學習,在這裡我們會由老師帶領學生進行導學,default,,3,2,3,OBADQGSKXPXMRTMIPNMJXCGUHCMAZGNDPWDVATRUUGLSFR,
VR_Sample,2,903,text,,向日葵介紹<image:sunflower.png>,,default,,3,4,5,BPQQYRRPWHIYLUXSSEWOUNCOXHHAWRQPYWBKZMNKLDGOFC,
VR_Sample,3,903,text,,向日葵（學名：Helianthus annuus）是一種原產於北美洲的大型花卉，以其鮮明的黃色花朵和大型的花盤而聞名。它的名字來自於其花朵隨著太陽的移動而轉向的特性，就像是在追隨太陽一樣。向日葵不僅美觀，還能產生向日葵籽，這是一種營養豐富的食物，含有大量的維生素E、鎂和鋅。,,default,,3,6,7,MXMFRMCJNNLUCEZRCDJMSUUZAZZPCIAVJYTSNYJQIVYUYM,
VR_Sample,4,903,question,,向日葵是原產於哪個洲？,,default,,-1,8,9,RIWDFCWXDBJKNAXVTTPUUGZMAMVCPLTFQQACOMXXNMASCU,
VR_Sample,4,904,answer,A. 亞洲,不對喔,<pass>,default,FALSE,0,10,11,IUHONBEKTGBZGSGCLOBVRCPOHOUNSYTDCJYZEBWATQILOU,
VR_Sample,4,905,answer,B. 北美洲,答對了!,答對了!,default,TRUE,0,12,13,DUMZLYYXWJKIITNKLKVKGWIOMORTNGACYBELRKFBUMIODV,
VR_Sample,4,906,answer,C. 歐洲,不正確,<pass>,default,FALSE,0,14,15,UJKIGMSLADOBJKCZKHMDZRZMYGYKCYPIJWPZJBQAGPZEJO,
VR_Sample,4,907,answer,D. 非洲,在想想吧,<pass>,default,FALSE,0,16,17,CXZJLFSXWMXTXKVGFEYFYTLBBBAIWWLLNAHOAWXIPHXSTM,
VR_Sample,5,903,question,,下列圖片哪個是向日葵,,default_image,,-1,18,19,PAQIKDUZWZMZPEXFLVHCIBMMSLVPOXWOKABEYTQLOCKEPT,
VR_Sample,5,904,answer,<image:sunflower.png>,答對了!它的特徵XXXXX,答對了!它的特徵XXXXX,default_image,TRUE,0,20,21,CAAPIFYARDDITMFYCEYHLXESIZRVRIUHGPMIZKVIVGQUQS,
VR_Sample,5,905,answer,<image:lily.png>,這個是百合花!,<pass>,default_image,FALSE,0,22,23,XRRHZJUDAPXMUOIXRIXLKQGVFMYDAOMPAVJQXRGHARGSKL,
VR_Sample,5,906,answer,<image:rose.png>,這個是玫瑰!,<pass>,default_image,FALSE,0,24,25,KNXSJAFYSEOYGUAHUXDUOXJNTYSTCHACVBYGXENIPNHLZX,
VR_Sample,6,903,text,,拿放大鏡觀察看看向日葵吧~,,default,,0,26,27,XZPLGJWNRZCYHBYDLOVEBKLCRHILVXRLOWEQSCVRMPHJNB,
VR_Sample,7,903,text,,很棒，我們待會見,,default,,-1,28,29,KRXSOMIWAGZNOZMAGKASVCXFLWMWPTZNJOVKVKVHPACCXO,
VR_Sample,8,903,text,,這裡是自學模式的結尾,<pass>,default,,-1,30,31,UFQLBVNRRTQHXNQKFBKEBBWFSEAWNMIQTGJPYJBYKLVPFY,
VR_Sample,9,903,text,,<pass>,這裡是導學模式的結尾,default,,-1,32,33,UZKDFKCFDHIBNDPTHSTFTXQSQJJKAUIJKKPKFRKOATYTAS,
VR_Sample,10,903,text,,掰掰,,default,,-1,34,35,MDZTQCPUUWLCGQQPKEGTFSHRZCQFWYYMJLRYFHTUYLHNXA,
2_Chapter_1,0,101,text,,歡迎來到第一單元，在這單元裡，我們要來認識動物、植物、以及非生物哦!,,default,,3,36,37,KVGPWGZPIGMZOWZCLMVYZDXTMRGTIFOXKSZOQAKKLCUBPL,
2_Chapter_1,1,102,text,,在我們的生活中到處都充滿著活力，在四周觀察看看，有哪些是動物?哪些是植物?哪些是沒有生命的非生物呢?,,default,,0,38,39,YDJEMPYTVVJWAPPVTPIWVDAUXCKXXGGIRVSHNMSAOBVOZO,
2_Chapter_1,2,103,text,,這是棵大榕樹，雖然它不會動，但是會隨著時間慢慢地長大。,,default,,3,40,41,DQBZMINUPQUFTBBCVYFSETNNNCXJCDFXTIAGHQREHUFTPJ,
2_Chapter_1,3,104,question,,它應該是動物、植物、還是非生物呢?,,default,,5,42,43,MODTFODFUSMNEKZUJTQMQPSLYNAPKLPFPAFVSOEDKGMTBT,
2_Chapter_1,3,105,tip,,這個物件會隨著時間慢慢長大，而且它是自然生長出來的。想一想，什麼東西會慢慢長大?,,default,,5,44,45,ZSGGCUHXMKUSSDUYYMJPILIFRKBEYRARANJJNKOSUMADJZ,
2_Chapter_1,3,106,tip,,這個物件有生命，但是它不會像動物一樣到處走動。你覺得什麼類型的生物是這樣的呢?,,default,,-1,46,47,KCLXEYHFEOXJCLEBHVHQALIRZIEFGCBHDZHYTXKIUNQTCH,
2_Chapter_1,3,107,answer,動物,榕樹並不會移動哦!再想想吧!,,default,FALSE,0,48,49,EMFIFXDYPURSZVYFHLBTSBCZAJCTJALYLHPGZBALHTRJOH,
2_Chapter_1,3,108,answer,植物,沒錯，榕樹屬於植物的一種哦!,,default,TRUE,0,50,51,MASGMCKDBTFEPNUIYTBGJIEZFLYVIPAKZKTNOMNBCGWZVU,
2_Chapter_1,3,109,answer,非生物,非生物是不會長大的哦!再想想吧!,,default,FALSE,0,52,53,VOOFCARRQUOGEUTEDZYGXVABQRCXNZGYWQCZHVIGMMENQN,
2_Chapter_1,4,110,text,,這是朵長春花，雖然它不會移動，但是會隨著時間慢慢地長大並開花。,,default_image,,3,54,55,TPUJRENMGWUHBKGGWIVKJAKBPRDWHBKNJJZTNKZGSSMZOA,
2_Chapter_1,5,111,question,,它應該是動物、植物、還是非生物呢?,,default_image,,5,56,57,TXVRMRJZXZEORLMXCXWDUHDIPDDKAEXWCHUCUTGXSFKAPP,
2_Chapter_1,5,112,tip,,這個物件會慢慢長大，還會開花。想一想，什麼東西會開花?,,default,,5,58,59,PBMTAEIZTNKZUIYNMNUDHUBLFBDUQTHDLWMOERWLXFFYNG,
2_Chapter_1,5,113,tip,,這個物件有生命，但它不會像動物一樣到處走動。它的生長過程中會開花，這通常是什麼類型的生物特徵?,,default,,-1,60,61,ZHQAFUVOFNCCAISXUQRRCUOKLZSLQMGCHPFQEYPRZEPDTQ,
2_Chapter_1,5,114,answer,動物,長春花並不會移動哦!再想想吧!,,default_image,FALSE,0,62,63,SHPPOBCUGYPZPFLDJPRHZAMWKHXBJDZNRRQQEUROSKMBVJ,
2_Chapter_1,5,115,answer,植物,沒錯，長春花屬於植物的一種哦!,,default,TRUE,0,64,65,YQKKBQWTFIETOXEPRPWGGIOLBWWOFUYWUHXKIMHORFTPBR,
2_Chapter_1,5,116,answer,非生物,非生物是不會長大的哦!再想想吧!,,default,FALSE,0,66,67,XMXHOYSMYLAMRFKJKUUCYMYBVEANGEBTQRYTCQZCCXLMSB,
2_Chapter_1,6,117,text,,這是顆石頭，石頭不會長大，也不會長出小石頭。,,default,,3,68,69,SXXLGBLIZPSIKWGDREOLUMTDPJCOIHQEKOHPWLXUZVBCFT,
2_Chapter_1,7,118,question,,它應該是動物、植物、還是非生物呢?,,default,,5,70,71,XPWQVDDTCJPWNDCPUSMYBBXQNREAWMHTTOLMLTKYETRLFZ,
2_Chapter_1,7,119,tip,,這個物件沒有生命，它不會隨時間改變，也不會生長。想一想，什麼東西是沒有生命的?,,default,,5,72,73,ORTLAICHUBPTFFSTGTTYBFOTZSHMSCCEDMZFNGWFWIPSWA,
2_Chapter_1,7,120,tip,,這個東西是自然界中很常見的，但它不是活的，不需要陽光、水分來生長。這會是非生物嗎?,,default,,-1,74,75,KKVNKDYXHPFBGJHOXOMTNTDNKGLTSGFOJGMAOZXELKGFHA,
2_Chapter_1,7,121,answer,動物,石頭並不會自己移動哦!再想想吧!,,default,FALSE,0,76,77,RUKFCRGEDPRFCNQCITPVBHBRWXDXJKSEKVSWMSSRKOZURH,
2_Chapter_1,7,122,answer,植物,石頭不會移動，也不會隨著時間長大，再想想吧。,,default,FALSE,0,78,79,WKXLXYBOZYZVFKKATYSUUPGKNNVBYRAJHZIBZJNLFVYIMW,
2_Chapter_1,7,123,answer,非生物,沒錯，石頭屬於非生物的一種哦!,,default,TRUE,0,80,81,HPQDMUBWOUQTBGZYCYFZOLNPCKASCWESIPCAXLCUEJMXMH,
2_Chapter_1,8,124,text,,這是個花盆，花盆不會長大，也不會隨著時間長出新的小花盆。,,default,,3,82,83,TLDGGYWMWCIPSZILHMRCBNEVZXWUHCCWPBGJWWHBXVACXD,
2_Chapter_1,9,125,question,,它應該是動物、植物、還是非生物呢?,,default,,5,84,85,TJCETUJTJFCJWEVLDBRCVDILZYHQGJPEWKOGPVHQRLCSAW,
2_Chapter_1,9,126,tip,,這個物件沒有生命，它被用來裝土和植物。想一想，什麼東西不會長大?,,default,,5,86,87,NOEYZQEZLOSVZJSZBJCOCAZBBDISHEVBNRCNOAZVYTUAXK,
2_Chapter_1,9,127,tip,,這個東西通常是人們製造出來的，它沒有生命，也不會改變。這會是非生物嗎?,,default,,-1,88,89,HFSKGVFCLJXVPTGGJODFLHLXBWRLNZPJTCIYWVQJRBUDEU,
2_Chapter_1,9,128,answer,動物,花盆並不會自己移動哦!再想想吧!,,default,FALSE,0,90,91,LVPXPPTPBLYOEPGWMCCHHXIGPKGSNWFWRNOSUDQTRUQXYP,
2_Chapter_1,9,129,answer,植物,花盆不會移動，也不會隨著時間長大，再想想吧!,,default,FALSE,0,92,93,HNBEDUPRLOWPJLAJPJFMCZPDPEKPOSTBECZAMQVSPTJPZT,
2_Chapter_1,9,130,answer,非生物,沒錯，花盆屬於非生物的一種哦!,,default,TRUE,0,94,95,RFJNFODRQTNFAGMJSJLSAYKNPCPRVFZVODKUXLVHDJPOWX,
2_Chapter_1,10,131,text,,這是泥土，泥土不會長大，也不會隨著時間變成更大的土堆。,,default_image,,3,96,97,AMLCILVWGUIMTJNPRPLNOHIUTEYOQYYDWTUCPHUBPEPAEP,
2_Chapter_1,11,132,question,,它應該是動物、植物、還是非生物呢?,,default_image,,5,98,99,PZTHROOILKOPFVSXWDAENFITOSIBFJPWWGTMTXZDSRELGR,
2_Chapter_1,11,133,tip,,這個物件是由許多小顆粒組成的，雖然它沒有生命，但對植物非常重要。想一想，這通常是什麼?,,default,,5,100,101,AQNVNOFHPYAXKWGRTLVYSNGICTROWMWZLADUTXXQYAWIOU,
2_Chapter_1,11,134,tip,,這個東西是植物生長的基礎，但它本身並沒有生命，無法生長或繁殖。這會是非生物嗎?,,default,,-1,102,103,QLULVPGYHAMXMWXSWYHDFJATJOQWACDCALFWFBFXXVBMXA,
2_Chapter_1,11,135,answer,動物,泥土並不會自己移動哦!再想想吧!,,default_image,FALSE,0,104,105,DRVMHACNVNSTKIYFLFHFCMUKJGQDIXLVEJUIMKZEZAJJQI,
2_Chapter_1,11,136,answer,植物,泥土不會移動，也不會隨著時間長大，再想想吧!,,default,FALSE,0,106,107,RQRRXPLHPOZOPLIKZPCYLFVOBWWVCKYWXBLJAKLVSUIVWK,
2_Chapter_1,11,137,answer,非生物,沒錯，泥土屬於非生物的一種哦!,,default,TRUE,0,108,109,BMSAMZFPDLRXNZUIQVQGLZDCPPOROYNDKVVNYPKISWFKNM,
2_Chapter_1,12,138,text,,這是一隻白頭翁。它會飛翔、覓食，並且隨著時間成長。,,default,,3,110,111,MPOWYRZIBUQFQYAVKOJYFBUMPCLZSQRBJMZJPDKOCSBATQ,
2_Chapter_1,12,139,question,,它應該是動物、植物、還是非生物呢?,,default,,5,112,113,KUPUOHZTTSCCXESOAXXUUEWCQANJDHIRICDLNNLQTTJRHA,
2_Chapter_1,12,140,tip,,這個物件有生命，會飛翔並覓食。想一想，什麼東西會飛?,,default,,5,114,115,KHMLLGQUCHQKHGMRCHQFKMFUWXKMOSWLHZGOXNSDODAQMZ,
2_Chapter_1,12,141,tip,,這個生物能夠到處移動、尋找食物，並且會飛。這會是植物嗎?還是動物?,,default,,-1,116,117,KRZAARXQJGBFSSDBPYFVAQYFPSRRUTDNPDATCCTLYOJWUF,
2_Chapter_1,12,142,answer,動物,沒錯，白頭翁屬於動物的一種哦!,,default,,0,118,119,FSJGTGBCKBPABSGPQPNQLYCJTVQQDUEFSEYOTCRJKFTFEA,
2_Chapter_1,12,143,answer,植物,白頭翁除了會像植物一樣成長以外，還會到處移動，再想想吧!,,default,,0,120,121,MSNUZIALKJPHVDWDJFPRDFTLKMPUBSAAYLWKGMFGLHIOFQ,
2_Chapter_1,12,144,answer,非生物,白頭翁不僅會成長，還會移動哦!再想想吧!,,default,,0,122,123,UFVWEBFVCOGWHLFYKHBEIRCFYRXYVESBNDKKOPOKKYXTKW,
2_Chapter_1,13,145,text,,接下來讓我們拿起其中一種植物並觀察，看看植物中有哪些不同的構造吧!,,default,,-1,124,125,BRNBPQSIBHWPSEPNHXPIFHROKZQUQAHJVUBJYKSKXCUYBL,
2_Chapter_1,13,146,text,,你拿起了長春花。你可以找到一個部分，它通常是綠色的、扁平的，而且還可以捕捉陽光嗎?,,default,,5,126,127,AWFDQJKHOYOAWXQBEGCAOHGYXAFULNHVEDFJMMTINSOJWH,
2_Chapter_1,14,147,tip,,這個部分通常是植物上最多的部分，它們幫助植物吸收陽光。想一想，什麼東西在植物上會展開來捕捉陽光?,,default,,5,128,129,OSFACYRJCYBRSHKQFPWCBBNISVTLWPFGRKRIQXIZJICPTY,
2_Chapter_1,14,148,tip,,這個部分通常是平的，可以進行光合作用，這是植物製造食物的方式。你能找到它在哪裡嗎?,,default,,-1,130,131,KOTBLIOUOTAXGXJFYZGWAGVAUPVXAGUZLMLQMEWDRSKQTD,
2_Chapter_1,14,149,text,,不是這個哦!,,default,,-1,132,133,WDWCPCEHTAGHVHOUPUXEEKNCPESLFCVNSPDVCEZWEKWVCT,(選到不對的部位)
2_Chapter_1,14,150,text,,很好，這就是葉子。葉子是植物的養分工廠，它們通過光合作用將陽光轉化成為養分，並幫助植物生長哦!,,default,,-1,134,135,IROPVHNCUMEOSUZEVOZYQLTUJFKVFJGGVFYAYZNGKSYOJD,
2_Chapter_1,15,151,text,,再來找找看，你能找到一個部分，通常位於植物的中間，它看起來像是植物的主幹，負責連接整株植物嗎?,,default,,5,136,137,TGYXKLSGXXNKUTSRPAWJVJSBIIQFUFYZYTTEEWXPXDIEUH,
2_Chapter_1,15,152,tip,,這個部分在植物的中心位置，從底部開始，向上延伸，支撐著植物的其他部分。你能看到它嗎?,,default,,5,138,139,POGUCFCQZWXCUNZNUDVRBROUKFJNFUNTKQFEPFIHBZZOMQ,
2_Chapter_1,15,153,tip,,這個部分像是植物的柱子一樣，它負責將植物的各個部分連接起來，通常是長條形的，位於植物的中間。這會是什麼呢?,,default,,-1,140,141,DIZJLIJGCBDUHLEDSWQHYQZQHVQDXSUFGHZBNVJHBSNZBY,
2_Chapter_1,16,154,text,,很好，這就是植物的莖。大部分植物莖的主要任務是支撐整株植物，並且是運輸水分與養分的中繼站。,,default,,-1,142,143,VWTTKVNTSRUSXQWLCBIFTZFYFRVFEXRCPTPQJSDSWYTMNA,
2_Chapter_1,17,155,text,,讓我們再次觀察這棵植物。你能找到一個部分，通常位於植物的底部，長的細長，是負責吸收水分和礦物質的嗎?,,default,,5,144,145,VXZWVYDDGNBNWJNILYMCWMOQZCZNTSDRFXRBHUKDRISFVT,
2_Chapter_1,17,156,tip,,這個部分通常埋在土壤中，植物靠它來吸收水分和營養。想一想，什麼部分會在土壤中生長?,,default,,5,146,147,RQPEKVOWJYHVONOEBEJOPCIFPAWUHQRZYIDAKALTPIAQHB,
2_Chapter_1,17,157,tip,,這個部分從植物的底部向下生長，它是細長的，通常我們看不到它，因為它埋在土裡。你知道這是什麼嗎?,,default,,-1,148,149,NRKCFPCLDMEWKVUWPBSIHFPADCCDLUVMCXJUSMXQFUYKGE,
2_Chapter_1,18,158,text,,很好，這就是植物的根。它主要負責吸收水分和礦物質，還要幫植物抓緊土壤，才不會讓植物輕易的被風吹走哦!,,default,,-1,150,151,TWTISOVPIRXIVZGDQYRJQOWBDGVLTZAEGDZTUYYVZTRVNC,
2_Chapter_1,19,159,text,,讓我們拿起另一種植物並觀察，看看跟上一株植物有哪些不同的地方吧!,,default,,-1,152,153,HUUJQVTXHRSIUEMUVGZGHTTZGXYKHCVMXFEETKLSVPFTHO,
2_Chapter_1,20,160,text,,你拿起了仙人掌。你可以幫我找到仙人掌的葉子嗎?,,default,,5,154,155,MSBPOQLUPNHLVPTIVNKBABLEQHSEIIRIVTLWJXQUKPASPR,
2_Chapter_1,20,161,tip,,想一想，仙人掌的葉子看起來可能和長春花的葉子不太一樣。你能找到它們在哪裡嗎?,,default,,5,156,157,DLJNWIQAOAOHSKCBSDGVOGDBJIZCKANMUZJMPYXCNAWDII,
2_Chapter_1,20,162,tip,,仙人掌的葉子非常特別，通常不是扁平的，而是變成了小小的、尖尖的形狀。你能找到這些部分嗎?,,default,,-1,158,159,OQLMKWAHWFOHDEAXDGHPBRJFYISELDMZBBHVULCQSFTBZY,
2_Chapter_1,21,163,text,,仙人掌的葉子通常是細針狀的，這是為了防止仙人掌在沙漠中水分散失過多。雖然外觀不太一樣，但同樣可以行光合作用哦!,,default,,-1,160,161,TQBGVHHUSLYOGRPNXKKYZITYQCIMOWYBDBDRVMGULXMCQH,
2_Chapter_1,22,164,text,,現在，請你仔細看看仙人掌的其他部分。你能找到一個部分，它看起來像是植物的主幹，並且負責支撐整株植物嗎?,,default,,5,162,163,XJXLBLKEPXBLOELNYSKPGXLZZNNJMZFBSMSCFORMNJUIHK,
2_Chapter_1,22,165,tip,,這個部分是仙人掌的中心部位，像植物的‘柱子’一樣，支撐著所有的其他部分。它通常是粗壯的、長條形的。你能看到它嗎?,,default,,5,164,165,LPKYPAIIINXCHFLUHTSSZRAAMOFHGIBZBCXRBQDVOFIOLL,
2_Chapter_1,22,166,tip,,這個部分從仙人掌的底部延伸到頂端，負責支持整株植物的重量，是主要的結構部分。仔細看看，這個部分在哪裡呢?,,default,,-1,166,167,SDSTQJBBVYXUTGGQZNVDIGALDOMILZDMHRPTWPYBKEIMRO,
2_Chapter_1,23,167,text,,很好，這就是仙人掌的莖。仙人掌的莖通常又粗又多肉，這是因為仙人掌主要靠莖來儲存水分，並且莖也能進行光合作用哦!,,default,,-1,168,169,FDDOIPPWBUXJCERMETBZNKRZRXTRGYIVPTQAWLSKYIBMUV,
2_Chapter_1,24,168,text,,再來，讓我們觀察仙人掌的底部。你能找到仙人掌的根嗎?,,default,,5,170,171,YOMTLCNSXQQHFAWQRHUJCBFNTDUFRFHRYUTKZTABGYZHDC,
2_Chapter_1,24,169,tip,,仙人掌的根通常在植物的底部，它們會伸入土壤中。仔細看看底部，找一找那個細長的部分。,,default,,5,172,173,BJDLIPZRONIUIOKTOEKBDGBXFLIRZOIOTEPBNRNDFOVBWS,
2_Chapter_1,24,170,tip,,仙人掌的根不像莖那麼明顯，但是它們在底部是細長的，像是植物的‘腳’。它們會伸展在土壤中，幫助植物吸收水分。這個部分在哪裡呢?,,default,,-1,174,175,UJQXIJHUOCQUHPBZYDTODLESZRKNHKWGZPYYNKEEERXORM,
2_Chapter_1,25,171,text,,很好，這就是仙人掌的根，負責吸收水分和礦物質。雖然仙人掌的根通常較淺，但它們能快速吸收雨水，並在乾旱的沙漠環境中幫助仙人掌生存。,,default,,-1,176,177,QKRFVPIRCPTECXSCEGLVIMMDDVZMQCOCJXQPZRXPNIBKEF,
2_Chapter_1,26,172,text,,讓我們拿起另一種植物並觀察，看看跟上一株植物有哪些不同的地方吧。,,default,,-1,178,179,KGOGOEVGKJUCPVXQGLRMVKFAEDARGPIBNSURKDTCRJZOTV,
2_Chapter_1,27,173,text,,你拿起了榕樹。你能找到榕樹的葉子嗎?,,default,,5,180,181,HJLSXJOXSQVTROKNGXNNVJZXTNLGYASGBVRGCNZTHHCAHA,
2_Chapter_1,27,174,tip,,榕樹的葉子通常是綠色的，長在樹枝上。你可以找找看，榕樹上有沒有這種綠色的、扁平的部分?,,default,,5,182,183,JXFXTBDUTCVJUWCQTZLUGFXETIGXPMROHXSDWSOXVTDHFI,
2_Chapter_1,27,175,tip,,這些葉子通常會在榕樹的樹枝上展開，像是小小的綠色片狀物。仔細觀察榕樹，看看哪些部分是這樣的?,,default,,-1,184,185,UCHIQRRCSZZVUZEAYAHYUEHNZVLGPJORALHRHQVSKXMZKZ,
2_Chapter_1,28,176,text,,沒錯，這就是榕樹的葉子。它們通常是綠色的、厚實的，形狀有點像橢圓。,,default,,-1,186,187,QPVEOMRPSHIKVPWAWXRFVWOZVWWFDCKWBLJHGHRYBLXZPA,
2_Chapter_1,29,177,text,,現在，請你仔細看看榕樹的其他部分。你能找到榕樹的莖嗎?,,default,,5,188,189,GNLAFAHYAZLOSPKODZQQXGZITJDAKPJVKPMKBMGYVBYMPI,
2_Chapter_1,29,178,tip,,榕樹的莖是從底部開始，支撐著整棵樹。它通常是粗壯的，並且連接著樹的根和葉子。你能找到它嗎?,,default,,5,190,191,BKKUHHAATTCBTPCUVXKNRRRXPQKXSIFIZIRIGZACNIZALZ,
2_Chapter_1,29,179,tip,,榕樹的莖從地面延伸上去，是樹的主要支撐部分，連接根部和樹冠。它通常是粗壯的，並支撐著整棵樹。,,default,,-1,192,193,ZNTOLEMWBGWPAOKCKYKHJCOXACWJYIMQQZQCEQGJISNMQK,
2_Chapter_1,30,180,text,,很好，這就是榕樹的莖，也是樹幹。榕樹的樹幹很粗壯，可以支撐整棵大樹，而且它還能運輸水分和養分。,,default,,-1,194,195,JYQEYSHYDKFLPQITIWLFMPULOPQILYMGJDZKLTGGZVOZMN,
2_Chapter_1,31,181,text,,讓我們再來看看榕樹的底部。你能找到榕樹的根嗎?,,default,,5,196,197,TZYTDKTJBNLBZSEAJZUZBJGUBHDDKMLHDTSPWDCDEZAKUJ,
2_Chapter_1,31,182,tip,,這些根部通常位於榕樹的底部，它們像樹的‘腳’一樣，幫助樹吸收水分和養分。你能找到這些細長的部分嗎?,,default,,5,198,199,BAPLWEKBAYDQSIFGROJYAMOJDOGKVCXHFIGFFZRWMTEFMQ,
2_Chapter_1,31,183,tip,,榕樹的根會從樹的底部向下伸展，這部分幫助樹木固定在土壤中並吸收養分。,,default,,-1,200,201,XCDNRKCXLOMLLTZECFDIESMVQVPEVIDMWHPXRSQPLPRRYJ,
2_Chapter_1,32,184,text,,很好，這些是榕樹的根。我們可以看到公園中間的大榕樹，不僅有普通的地下根，還會長出氣生根。氣生根也能幫助榕樹吸收水分和養分，並提供額外的支撐。,,default,,-1,202,203,UTZFILUHEDRTRPOMJKZFLRMJDJVBTMCAQVUFMLVSVUEAWM,
2_Chapter_1,33,185,text,,恭喜你完成第一單元，讓我們到下一單元去看看葉子不同的生長方式吧!,,default,,-1,204,205,VMNEMWNONFBQWEQBTAUYEMSABTIKDDCQMHDUKHZORSZKKW,
3_Chapter_2,0,201,text,,歡迎來到第二單元，在這單元裡，我們要來認識什麼是互生、對生、以及輪生哦!,,default,,3,206,207,SYUDWEFURCYLGYUVTWVFILZECLLDMXQKZWYMQFRLEMVLHT,
3_Chapter_2,1,202,text,,在上一單元中，我們知道植物依靠葉子來獲取陽光並且行光合作用。,,default,,3,208,209,OGSKHLAWBZZAXCYKHCLCGIIQLDKGLAQDJDZYTBKAQSAJRN,
3_Chapter_2,2,203,text,,而為了能夠獲取足夠的陽光，不同植物的葉子在枝條上面的排列也是有特別的方式。,,default,,3,210,211,XSJXWNQGZFHPKKOSLZFZPNNQELPZFQGQSMVIQNSCIFQQFP,
3_Chapter_2,3,204,text,,先讓我們拿起周邊的枝條來觀察看看吧!,,default,,-1,212,213,DEMCQNVSBYTIGPMNSYUMBDSKPUHJNHYEHFOLDUCBHVSVGD,
3_Chapter_2,4,205,text,,我們可以看到，在你拿起的枝條上面有莖也有葉子。,,default,,3,214,215,SFVHXVNNGBULDMYMJXIEIDXNETJHJZEKDHACXPVINAQEHS,
3_Chapter_2,5,206,text,,在枝條的上面有凸凸的、長出葉子的地方，你能夠找出來在哪裡嗎?,,default,,5,216,217,XLPQBMNXHZWODYREXBARVSRBBPSZLJDTKGWDSZGPATVOZA,
3_Chapter_2,5,207,tip,,仔細看看枝條上的一些小突起或隆起的地方，那些地方是葉子從莖上長出來的地方。,,default,,5,218,219,IPEIHNHMOMIKOFIBQKCCLSHPDCKEHWITKXHICADBWXSOKW,
3_Chapter_2,5,208,tip,,找找看，位在莖與葉子的交接處。這個部分就是葉子生長的地方，通常是莖上有一些明顯的小節點或環形突起。,,default,,-1,220,221,GPAKYSEMNRUNPIESPCXLXUOMEEUMMLBCDUDGWFHPPVDSAT,
3_Chapter_2,6,209,text,,沒錯，這個地方我們稱之為「節」，葉子都是從「節」長出來的哦!,,default,,3,222,223,WCQYKDXIEWFZWMGTRDMXLQLXCRBVVRFRWFASOIUNPJLERJ,
3_Chapter_2,7,210,text,,葉子的排列方式則叫做「葉序」，植物會因為想要獲取足夠的陽光，而產生不同的葉序。,,default,,3,224,225,FFPQUNWXNZVSSGGVGPFAEYDDJPUNRFJMCWOKUBHZBFPRPC,
3_Chapter_2,8,211,question,,接著讓我們來觀察看看榕樹枝條的一個節上面長了幾片葉子呢?,,default,,-1,226,227,CDUHPUGJFTXBFILLESLFYUUFCRZLWHEGLOCMBCUTPKNNNS,
3_Chapter_2,8,212,answer,1片,沒錯，榕樹的一個節上面只長了一片葉子，我們將這種葉序稱為「互生」。,,default,TRUE,0,228,229,SYYRJUURNJWKWSEIEUTXPLKAOIVQVUPSTHHIAFEDWUWRWK,
3_Chapter_2,8,213,answer,2片,再仔細觀察看看吧!,,default,FALSE,0,230,231,LLZLVEJZUNESQEICNJIYMWKFCPYAJDNZHAUVHICFDOMFUX,
3_Chapter_2,8,214,answer,3片以上,再仔細觀察看看吧!,,default,FALSE,0,232,233,DBVGVKIMWPZXFWDIQUQNBDBPKBPWXZOTRLBYISJNLYYPCZ,
3_Chapter_2,9,215,text,,互生的葉序可以讓每片葉子都接觸到陽光，有助於植物在光線充足的地方生長。,,default,,3,234,235,GVTGDBDKDHVDSPPUOOTQEWWQQLITDTHLFISVRCSPKRSIDT,
3_Chapter_2,10,216,question,,葉片以互生的方式排列，是否與它生長的環境有所關聯呢?想想看，榕樹通常生長在什麼樣的環境呢?,,default,,5,236,237,PCPVIIWJQEJZPDGTYNDIVPOJERLYVKGATWIJFIZEQBMIFF,
3_Chapter_2,10,217,tip,,榕樹常常在我們校園、公園等開闊的地方生長。這些地方的陽光通常是什麼樣的?有足夠的光線照射嗎?,,default,,5,238,239,WKIXMHAMZVDSTUYIPHMMXTSSGXDHPRRGUOGQNEFICWJPXH,
3_Chapter_2,10,218,tip,,想想看，榕樹的枝葉非常茂密，如果沒有足夠的陽光和水分，它能不能長得那麼大呢?,,default,,-1,240,241,BKJFRWJFVUSTXMGPWYXMLFSGDMCLFKFTNOUYSHRQHOVDBU,
3_Chapter_2,10,219,answer,陽光及水分皆足夠的地方,沒錯，榕樹通常生長在陽光充足、水分豐富的環境中。,,default,TRUE,0,242,243,UOHVFBCXAZRPDNIKORTZZMHHCVTXHBDOFTFYPAYSIJTIOT,
3_Chapter_2,10,220,answer,濕潤、時常下雨的地方,再想想看。雖然水分充足有助於榕樹生長，然而，也需要足夠的陽光才能充分進行光合作用。,,default,FALSE,0,244,245,FOPHLXWXFBHLCHHAVEIDELREJEKWVVAIDXNGBLKOTSIOYO,
3_Chapter_2,10,221,answer,乾燥、容易缺水的地方,再想想看。互生的葉片排列方式主要有利於最大化地利用陽光和保持適當的通風，但乾燥、容易缺水的環境並不適合榕樹的生長。,,default,FALSE,0,246,247,DAUXXXLOXQPPCVLLFOTQUJGVXAWCOONAGJPGAWOOPZOQVH,
3_Chapter_2,11,222,text,,互生的葉序就是為了讓每片葉子都能充分接觸陽光，有助於植物在光線充足的地方茁壯成長。,,default,,0,248,249,YDRVZWZPJMBXGLUUVJSQVHZMYUJSHCQJYGCFZYMZNQTTOC,
3_Chapter_2,12,223,text,,讓我們繼續觀察其他的枝條。,,default,,0,250,251,QOLKBFMJOHNDVSBOWBBQKLXIZQIXSRJJKUHORIAGILKUON,
3_Chapter_2,13,224,text,,讓我們來觀察看看桂花的長相吧!,,default,,3,252,253,TPFNNFQHKRCTPGECTUPXGCNFZDOFUMGDJYLDEYXYREMAOS,
3_Chapter_2,14,225,question,,仔細觀察，桂花枝條的一個節上面長了幾片葉子呢?,,default,,-1,254,255,HCFPZHTVFXHACIFHMZGHJCCCBAEKJDNVRQRRCJFLAVPION,
3_Chapter_2,14,226,answer,1片,再仔細觀察看看吧!,,default,FALSE,0,256,257,NMOWYHRCRVNOROAPEPOHGVOXOHDSTKABDEAKFWCUJYGTZZ,
3_Chapter_2,14,227,answer,2片,沒錯，桂花的一個節上面長了兩片葉子，我們將這種葉序稱為「對生」哦!,,default,TRUE,0,258,259,SVEMXWGUQVUHLDCNSXEFOGMMCCHRJQQEBYYWTZJJSPLFCF,
3_Chapter_2,14,228,answer,3片以上,再仔細觀察看看吧!,,default,FALSE,0,260,261,WDWVRZCIFWZLYTNTIRBEJJUGGIHVWKZDTXIGMFNNNDBNYF,
3_Chapter_2,15,229,question,,葉子以對生的方式排列，是否與它生長的環境有所關聯呢?想想看，桂花通常生長在什麼樣的環境呢?,,default,,5,262,263,CWMKRYUSSSZITDYQGEJIURVLZPAJZAZXUQCQOIXXVJCTSB,
3_Chapter_2,15,230,tip,,回想一下，你有曾經看到桂花樹在潮濕的地方生長嗎?這些地方通常是陽光強烈，還是空氣比較濕潤呢?,,default,,5,264,265,HBOGBDWAAVUULWIHWSFDUZWMJMDNCDDWEOJAOXIFVGOUDW,
3_Chapter_2,15,231,tip,,想一想，桂花通常在比較潮濕、經常下雨的地方會生長得更好嗎?這樣的環境會影響它的葉子排列方式嗎?,,default,,-1,266,267,RAQCXGKHCWBJLEYXQYSQBXFDJDDXDBXUCRYZQPBVZQWNTW,
3_Chapter_2,15,232,answer,陽光及水分皆足夠的地方,再想想看。這種環境雖然有能讓它們進行光合作用，但並不是最適合桂花生長的地方哦!,,default,FALSE,0,268,269,IEDNIILUNOTPYLTFNQGFYYXVCFYUPOLNMNUNEUESAKBXCT,
3_Chapter_2,15,233,answer,濕潤、時常下雨的地方,沒錯，桂花通常適合生長在較為濕潤的環境。,,default,TRUE,0,270,271,HZWVXKIUSPPNYUFUMSSHFBJALFSFKZELWYFDWZKWFXVNFL,
3_Chapter_2,15,234,answer,乾燥、容易缺水的地方,再想想看。對生葉片排列方式並不適合這種環境，桂花會難以獲得足夠的水分、無法生存哦!,,default,FALSE,0,272,273,CUDTTBGGXPIJMGECQYSCFHGBMNESQSJURFGELJXATAOVYK,
3_Chapter_2,16,235,text,,這種排列方式有助於排水，防止葉片積水，從而減少真菌感染的風險。在這樣的環境中，桂花可以更健康地生長。,,default,,-1,274,275,WYEMQIQEMUOGMNHVOAQDGQERQEQTAXGEGXBMAXUVWUSMNI,
3_Chapter_2,17,236,text,,讓我們來觀察看看其他枝條的長相。,,default,,3,276,277,RTRWEHHONQUFPVRDPCDEQRUIJJQBIRCVIAZROLPWPNLEUR,
3_Chapter_2,18,237,question,,仔細觀察，黑板樹枝條的一個節上面長了幾片葉子呢?,,default,,-1,278,279,UZEKXHBOOBFFTFJHRFPXOMACSVFRDBKKPMNHJYILEDITHW,
3_Chapter_2,18,238,answer,1片,再仔細觀察看看吧!,,default,FALSE,0,280,281,WMVMIXSYZVYUMUBLYQHVDSFROEQWWFWGPHIYIQKDXEXCGX,
3_Chapter_2,18,239,answer,2片,再仔細觀察看看吧!,,default,FALSE,0,282,283,LZXXXZGPKSXINVHFJGGSREUWXHBIRHYAJOZKHIZZPYGQFW,
3_Chapter_2,18,240,answer,3片以上,沒錯，黑板樹的一個節上面長了好多片葉子，有的長了5個、有的則長了7個。,,default,TRUE,0,284,285,ZRPFHRGPWOWMRZSJOCMPJQOGMBSDDTJQDOHSQDQKFVCQAK,
3_Chapter_2,19,241,text,,我們將這種葉序稱為「輪生」哦!,,default,,3,286,287,YPNQFVIEZBVUFJXYURFJYIQXKBFECNIDLTCHKZEIVBVKGJ,
3_Chapter_2,20,242,question,,葉片以輪生的方式排列，是否與它生長的環境有所關聯呢?想想看，黑板樹通常生長在什麼樣的環境呢?,,default,,5,288,289,ZUKEWBQKDHXTPHGVDDYGFMWDPRMLPEXQUWRRBEGQKTGHJF,
3_Chapter_2,20,243,tip,,想一想，黑板樹是否常常出現在比較乾燥的地方?這些地方的水分會不會比較少?,,default,,5,290,291,QIXURZCNGMPBIJLHAWDSAFSTXCHIPHWJALTBNTCBXFVWFC,
3_Chapter_2,20,244,tip,,黑板樹的葉片以輪生的方式排列，這樣的排列方式能幫助植物更好地保存水分。你覺得這種樹適應的是潮濕的環境，還是比較乾燥的環境?,,default,,-1,292,293,DYINBGHAKBHXYKABGHHQTVLPXDQZYURHSZBQGOOCXRWULI,
3_Chapter_2,20,245,answer,陽光及水分皆足夠的地方,再想想看。輪生的葉片排列方式在陽光及水分充足的環境中並不具特定的優勢。,,default,FALSE,0,294,295,BDYYYCOZNYNZMMYCJYSXXQKOLMBNXFWQKWYEZMEZQUBWLC,
3_Chapter_2,20,246,answer,濕潤、時常下雨的地方,再想想看。輪生的葉片排列方式主要有助於植物能在環境中更好地利用有限的水分和陽光。,,default,FALSE,0,296,297,FELFWYKWHQQSZNJHGFBDWTTASWVYLUUAAUUFOROBNQOFQF,
3_Chapter_2,20,247,answer,乾燥、容易缺水的地方,沒錯，黑板樹的輪生葉片排列方式通常在乾燥、容易缺水的地方出現。,,default,TRUE,0,298,299,NVECUGNSFEFOILCQUBEKYDHSQJALDOLEDYEBJXGXRTQXLW,
3_Chapter_2,21,248,text,,這種排列方式有助於每片葉子最大限度地接收到陽光，並減少水分流失，適應乾燥的生長環境。,,default,,0,300,301,RNRCJQJFTGFZYSNULZWZMITKRLIBKWMJZLGEMNOTOTKVSG,
3_Chapter_2,22,249,text,,觀察完上面三種植物之後，我幫你把陽光照射的方向用箭頭標出來了。,,default,,3,302,303,ITIISPMRXVERSCRQZHBKRNOGNGGOIIDKEBKRRQGVEFSCUP,
3_Chapter_2,23,250,text,,你可以將它們各自拿起來，觀察不同的葉序被太陽照到的方式有什麼不一樣呢?,,default,,3,304,305,FHHNEHFILLWUNLDDIGQGYLACZSRBZKYFZPWIYJEFYCDRSW,
3_Chapter_2,24,251,text,,按下手把的中指板機，則可以改為觀察雨水滴落的方式哦!,,default,,-1,306,307,XZAUUAKJYMBSPDUUHSKFCTGRCNACIXEDAOEUHOOUEIEWTN,
3_Chapter_2,25,252,question,,你覺得植物的葉片排列方式是否跟它生長的環境有關聯呢?,,default,,5,308,309,BXEIHONVFTFFHXWNBVDWRESTFAMHWLEZKZIZIOMZXBSOOZ,
3_Chapter_2,25,253,tip,,想一想，像桂花、榕樹這樣的植物，它們的葉片排列方式不同，是不是和它們生長在不同環境中有關呢?,,default,,5,310,311,IZRGTXMYZFSUTJWOLKLYHJSWDQBNCHOSQVJHAQIHTERAQY,
3_Chapter_2,25,254,tip,,回想我們之前的討論，光照、水分等環境因素是否會影響植物的生長?葉片的排列方式會幫助植物更好地適應這些環境，對嗎?,,default,,-1,312,313,DWGLKMLEFUBWSWNKRKDQGNCYBWKSIPIVAPDGLFQJMVJRUY,
3_Chapter_2,25,255,answer,是，葉子的排列方式會受到生長環境的影響,沒錯，不同的生長環境會促使植物進化出不同的排列方式，以應對該環境中的特定需求。,,default,TRUE,0,314,315,JCSTMZIPVAWGIDUTEEDQPHHNBWYSTQMJVREGFSZHMODGQR,
3_Chapter_2,25,256,answer,取決於植物的品種，與生長環境無關聯,再想想看。雖然植物的品種會影響其葉子的排列方式，但這些品種的排列方式也反映了它們所適合生長的環境哦!,,default,FALSE,0,316,317,DUPBUOAVIISDVRBGNLCEBDKLFDXFQNGMLQKQORVQBNHPIX,
3_Chapter_2,26,257,text,,我們已經認識完了三種不同的葉序，分別是互生、對生、以及輪生。,,default,,3,318,319,ASWZKMZEBLKYBGWINGYHAQJCCHLPYQREMXXCZUXPKWYZPT,
3_Chapter_2,27,258,text,,現在讓我們來一場小挑戰吧!,,default,,0,320,321,PUJJYLVQXSPYHEOWNICZEQUNCLXKMJNROENMFHIIOWVEOC,
3_Chapter_2,28,259,text,,你的面前有幾種不同的植物，同時有三個籃子分別標示著互生、對生、輪生。,,default,,3,322,323,KLKBZSUUIQUQTMTYDQTYAIJHNYCHRMZLXKIJYILYBLJFLB,
3_Chapter_2,29,260,text,,在拿起植物仔細觀察後，依照它的葉序進行分類吧!,,default,,5,324,325,JESQGSNQSYOAFVTCHYRUVXNDYPRZAIMBTFEDYQYSDWDNOX,
3_Chapter_2,29,261,tip,,觀察一下植物是互生、對生、還是輪生呢?觀察完之後再將植物放進對應的籃子裡來分類哦!,,default,,0,326,327,MSISFCAOWBFXMBYYKOHSLONECGAODDKEHDWZLATWWJXCKM,
3_Chapter_2,30,262,text,,非常好，看來你已經對植物的葉序非常瞭解了。,,default,,3,328,329,ZNXWDGTSHWFGHTYFFQSVXPMCDZJJEIURVWSLZTMRNXUOCF,
3_Chapter_2,31,263,text,,植物之所以會有不同的葉序，也是為了因應各種各樣的生長環境，盡量讓葉子都能夠爭取到適當的陽光哦!,,default,,3,330,331,MVHDMVPFNSHNCIRWAFSUXMINQUKYVBBYULJQEOADRQBBBA,
3_Chapter_2,32,264,text,,現在讓我們仔細看看，葉子是如何進行光合作用的吧!,,default,,3,332,333,RWWAMCAQOWKKNEDIWDDHFHDCTQNQUGXOQPKBNFRQYUIECL,
3_Chapter_2,33,265,text,,現在陽光照在葉子上，我們可以看到陽光和空氣進入葉子裡，與葉子裡原有的水分進行光合作用了。,,default,,3,334,335,GPQJWCEZCHYUUACBXDBJBYMXDNGWOTIUIIDIREYUTPBBEW,
3_Chapter_2,34,266,question,,觀察一下，當植物行光合作用的時候，有什麼東西被排出來了呢?,,default,,5,336,337,IQLRZLFXBBIBXHBGLLMWUXOLVLZYQENDHVJSCKXOMRCAEL,
3_Chapter_2,34,267,tip,,你可以將手把移到被排出的小球上面，觀察一下它的名字哦!,,default,,-1,338,339,XBYXFYAJXMMFLTRDXXDBFACLSHTPHQAIBIITLQNMJRWFAP,
3_Chapter_2,34,268,answer,氧氣,沒錯，有比較多的氧氣被排出來了。,,default,TRUE,0,340,341,MKMVTTSWIEKCHBTKYCXUNYXEUZODWBLDQQNNMSGDIHPQNZ,
3_Chapter_2,34,269,answer,二氧化碳,雖然行光合作用會消耗二氧化碳，但植物本身還是會排出很少量的二氧化碳哦!,,default,TRUE,0,342,343,QXTTTISXOFZXXHLSAVWNGSVCITUYDMWAGJPXZHAHDQHAOE,
3_Chapter_2,34,270,answer,養分,養分應該會被運到植物裡面儲存起來，成為植物存活和生長的能量來源。,,default,FALSE,0,344,345,OUHMDLDJIHUPLOWQSRBCOOPGMOINASBVUETCEIGPTDTIKT,
3_Chapter_2,35,271,question,,現在時間來到晚上了，少了陽光提供的能量，再觀察看看葉子與白天的狀況有什麼差異嗎?,,default,,-1,346,347,NLSHXGMZVEDKIRKSQDMXGFPMNWZMBQHOCJQMLEISVMQROX,
3_Chapter_2,35,272,answer,葉子停止吸收二氧化碳、排出氧氣了。,沒錯。,,default,TRUE,0,348,349,BOVCKPDJJHQZYAYUKBRGZBXTTDZHBVEFNIABUWWEGUYCZS,
3_Chapter_2,35,273,answer,葉子持續吸收二氧化碳、繼續行光合作用。,再觀察看看吧。,,default,FALSE,0,350,351,HOMDEKIPOIVQLLOIJHUUFZEZJWBHUYTWZPRGSSMRHTHIBF,
3_Chapter_2,36,274,text,,原來葉子在白天以及晚上，所做的事情是不一樣的。,,default,,3,352,353,NRTHZYNXTADWZRSRQLQLATLMWHWGICPZMSPHZOGSSOCKWI,
3_Chapter_2,37,275,text,,糟了，旁邊的植物好像有點缺水，把植物拿起來看看吧!,,default,,-1,354,355,IOUYVJWFYQYMWUMMXDRJHKJYYHXSHZEJVCNTJGLMAOCTYH,
4_Chapter_3,0,301,text,,奇怪，這裡是哪裡?,,XXX,,3,356,357,DOIMSENXKCTUBIHSUJTKXWQNXKIXNHCCKFIVDVNYMDTXLM,
4_Chapter_3,0,302,text,,你好，我是負責照顧植物的精靈，小綠。,,小綠,,3,358,359,AIAEQOXKGTCIWMVDDNEAGYUDNYGOHFTMJIXWHEKUVTBILL,
4_Chapter_3,1,303,text,,為了拯救植物，我把你變小進到植物裡面了，現在先讓我帶你去植物工廠參觀吧!,,小綠,,3,360,361,YQSLJKIXAFBMVOIEWCMBBAPXBEVBRBJIOKARPBPJEVLPSZ,
4_Chapter_3,2,304,text,,在植物工廠裡也是有分白天和晚上的哦!,,小綠,,3,362,363,YIXSCAOFUBORBUFHOFTIYRIQGLSJOYUERSTSNPSGAQTPCJ,
4_Chapter_3,3,305,question,,看一下四周的環境，你覺得現在是白天還是夜晚呢?,,小綠,,-1,364,365,USQGUPIEZROQTQJJYXBKUEATAAUUXCZSOYMUVOSBYNPILC,
4_Chapter_3,3,306,answer,白天,再仔細觀察看看周圍的環境吧!,,default,FALSE,0,366,367,DIBCPCUXDPGZMOHTOIXYRAISLHNDOTSVASMEPRSLQRBUWK,
4_Chapter_3,3,307,answer,夜晚,沒錯，現在是晚上，太陽都躲起來了。,,default,TRUE,0,368,369,BFWECMQSPSRQTKWGTOCVYMMCWIWQFXIWJQOZTUXKEBUMIV,
4_Chapter_3,4,308,text,,葉綠素寶寶們看起來很累，沒有在工作。,,小綠,,3,370,371,BGLDWSOWRKAMSXCRPUBJOVMLPQECINRHFSPZIMXCQXCRHF,
4_Chapter_3,5,309,text,,接下來讓我們看看運輸帶吧!,,小綠,,3,372,373,XMXNZWMCGAGRYWLNFYDIPIKXZIYDQOHDISSNRZHVVEIRXN,
4_Chapter_3,6,310,text,,目前上面有一個一個東西，這些就是植物生存不可或缺的水分。,,小綠,,3,374,375,JGQYMXFRVFIWFJTNGFDNXBFJTAGJMMQLLWIQBLQNOGWGIJ,
4_Chapter_3,7,311,question,,觀察看看，在晚上時運輸帶上面的水分是怎麼樣的運輸狀態呢?,,小綠,,-1,376,377,SAKAIELKQHDGFBNTKWVYUELUKZEPUGFBXCOCRCWAIOLISG,
4_Chapter_3,7,312,answer,正在運輸,沒錯，我們可以看到就算是晚上、工廠在休息的時候，水分仍然會以非常緩慢的速度在運輸，保持植物的基本生存哦!,,default,TRUE,0,378,379,FSLMXIFJRLAOAHFKVVTTTJHFFGIQEVYQVZMONUDSXOVANV,
4_Chapter_3,7,313,answer,靜止不動,再仔細觀察看看，水分真的沒有在移動嗎?,,default,FALSE,0,380,381,BYRNGOBNGSSCVXDRNOMVHVTSMVTGJYXPVQFHKAXLWSOOAG,
4_Chapter_3,8,314,text,,接著讓我們按下工廠啟動開關，準備讓植物工廠迎接新的一天吧!,,小綠,,5,382,383,HBETTCFRMIFCVWOBRNHMFJHZOPJTHGRXBUNOTIGRNMPBMV,
4_Chapter_3,8,315,tip,,可以看看你的右手邊，有一個拉桿，那就是工廠的啟動開關哦!,,小綠,,5,384,385,KZNBKYXZTTDYWFHHLAHWETFNCGLBADCLXSZUDRSCOKWVVA,
4_Chapter_3,8,316,tip,,把拉桿拉到「ON」的位置來啟動工廠吧!,,小綠,,-1,386,387,MOJYBTERJYHIYUTUNYMVGISEDSFYXBSBVUXONWQQKUHDSF,
4_Chapter_3,9,317,text,,工廠啟動了。,,default,,3,388,389,HMIWEVKQJGLZOCXKZSEDQXBHFBKUBVZENXBASXEBZVZNEN,
4_Chapter_3,10,318,question,,看一下四周的環境，你覺得現在是白天還是夜晚呢?,,小綠,,-1,390,391,WJSGLEWTNEILXHCQLDRTNJJSOXIFECDOBSUIDZHHQJHWQN,
4_Chapter_3,10,319,answer,白天,沒錯，現在已經是白天了，太陽升起。,,default,TRUE,0,392,393,YUTXDRWLSAGMMMDFJZHKSDWHSEQLSEZMWKKTSDRKGLRXXZ,
4_Chapter_3,10,320,answer,夜晚,再仔細觀察看看周圍的環境吧!,,default,FALSE,0,394,395,DGKOWMKKFLVBPRNQPUSYCGOSIPXVNLDAKKQPGXGJACRZZC,
4_Chapter_3,11,321,text,,太陽提供能量給葉綠素寶寶們工作，葉綠素寶寶們開始將運輸帶上的水分、二氧化碳，轉換成養分並排出氧氣。,,小綠,,3,396,397,EEHOEXYOUZVSTQXGYSXWYJSHLSHBZGGSMLEZVREBJOIGFB,
4_Chapter_3,12,322,question,,現在讓我們觀察看看，在白天時運輸帶上面的水分是怎麼樣的運輸速度呢?,,小綠,,5,398,399,AWIYLGERNHVKJENVKVZSIZQHHKSTVRZLAVQAKPBHTVXTEG,
4_Chapter_3,12,323,tip,,水跟水之間的間隔比剛剛夜晚的時候還大，所以水運輸的速度是不是比較快呢?,,小綠,,-1,400,401,KPECJWKFOTBXGZKLYLAHPAFLEDYIECCAVGNPGAXRANELEG,
4_Chapter_3,12,324,answer,比夜晚運輸時的速度還慢,與剛剛的夜晚相比，速度真的有比較慢嗎?,,default,FALSE,0,402,403,AHJWVJGOGWAQUMDDHCAGROOOGEWSKTQYKPCUTZXQMBSDLM,
4_Chapter_3,12,325,answer,比夜晚運輸時的速度還快,沒錯，我們可以看到在白天的時候，水分的運輸速度就比夜晚快很多。,,default,TRUE,0,404,405,FEUSDVGCKSYTYRDYIJYTUZDSQTXJWWUGICXOKGXQPEKORY,
4_Chapter_3,13,326,text,,這是因為植物工廠開始運作了，植物需要用水來進行光合作用。,,default,,3,406,407,OJTZMXCIANUEGKMXBKZVDVFIZUMYHVMBCGQYDFEYSOZPVC,
4_Chapter_3,14,327,text,,你已經基本瞭解整個工廠的運作方式啦，現在就讓我們到各個部門去看看它們在做什麼吧!,,小綠,,3,408,409,VNSAOCTXHNQPZQYSEGLNWLDQPQCKWPFHZYYYWERDPWTAMQ,
5_Chapter_4,0,401,text,,歡迎來到第四單元，在這單元裡，我們要來認識植物中的葉有什麼功用哦!,,小綠,,3,410,411,ZYMGVHUGKCVLNHHBQIDJOIESYTCGUSSKYOJQNIQMCMGXEM,
5_Chapter_4,1,402,text,,現在我們來到了植物工廠中葉所在的區域。,,小綠,,3,412,413,IDTWSJTGWNMATXRZDIYDEEXZXNXULMXFJVZAUHELOSHVQZ,
5_Chapter_4,2,403,text,,當我們把水分運輸到葉子的時候，水會在這裡與太陽進行光合作用。,,小綠,,3,414,415,NALJPLWQXQTUGWKEHTMDGJUMIHYJFTISTIIFGMOLSWNASO,
5_Chapter_4,3,404,text,,讓我們來實際參與光合作用的過程吧!,,小綠,,3,416,417,WLLHLMMGUPCAEUFQRBHWHKGWSOQGCAFBENKWBKKRKWKKSX,
5_Chapter_4,4,405,text,,你可以看到面前有一條生產線，當水分運輸到葉綠素寶寶面前時，葉綠素寶寶就會將飄在空氣中的二氧化碳抓下來，,,小綠,,3,418,419,HAQFBMWPWBCNXSVEDMXSUTBXIPSAFGGBCGERSPNNFTPXUV,
5_Chapter_4,5,406,text,,與陽光的能量和水進行光合作用，不斷產生養分與其他副產品。,,小綠,,3,420,421,YHNSLVBPEMMAMJLEUVTVQYDISLXTDYHQAQEYYEBFRCMPCI,
5_Chapter_4,6,407,question,,觀察一下，光合作用是怎麼進行的，並產出什麼呢?,,小綠,,5,422,423,JFSHJSRPPAUYOMUCEVXQFMMFIXLCIBSDIUVBMHHKDYNSEY,
5_Chapter_4,6,408,tip,,回想一下，光合作用是如何幫助植物生長的?,,小綠,,5,424,425,XBYXFYAJXMMFLTRDXXDBFACLSHTPHQAIBIITLQNMJRWFAP,
5_Chapter_4,6,409,tip,,想想看，光合作用除了產生養分之外，還會釋放一種我們需要呼吸的氣體。這種氣體對於地球上的生命非常重要。,,小綠,,-1,426,427,KPECJWKFOTBXGZKLYLAHPAFLEDYIECCAVGNPGAXRANELEG,
5_Chapter_4,6,410,answer,光合作用利用陽光來產生二氧化碳和水。,再觀察看看，二氧化碳和水其實是植物在光合作用過程中吸收的原料，而不是產物哦!,,default,FALSE,0,428,429,BKVQONBCDHTXLTQZGTHTTTNPTWYKYHRXWUKOMCMNRZOURV,
5_Chapter_4,6,411,answer,光合作用利用陽光來產生養分和氧氣。,沒錯!光合作用是植物利用陽光、二氧化碳和水，通過葉綠體進行的過程。這個過程會產生養分和氧氣哦!,,default,TRUE,0,430,431,FZZBMGTOFJTAWHDVKFCEXIQQTXIUENITTZFANCNPDOJQGK,
5_Chapter_4,7,412,text,,現在你可以操控眼前的面板，將太陽光的照射強度變強。,,小綠,,-1,432,433,CXQRFRMRIKFGIXAMVGRSWXTBXYFTZEYCFDKKSHKCLSRYHL,
5_Chapter_4,8,413,text,,太陽光照射強度變強了一點，我們可以看到牆上的圖表顯示光合作用達到了稍微好一點的效率，效率指針也變高了。,,小綠,,3,434,435,FLMKYBSHKJZIPSATPLFRYLFRWJCZMEXEZTLMFQFGPSODGD,
5_Chapter_4,9,414,text,,但要記住:陽光也不可以太強，不然光合作用的效率反而不會變好，葉子也會受傷哦!,,小綠,,3,436,437,EVUPERBSPBAROIGJPTFHSXAUETTRLNBVLZIHWWNSXPLHWM,
5_Chapter_4,10,415,text,,現在可以自由操控，觀察陽光強弱與光合作用效率之間的關聯，想辦法讓植物的光合作用發揮最大的效率吧!,,小綠,,-1,438,439,TKUSAWZARZKGEDGHULXPKBZWUYOSAEXDXBLAFOLMDZMQRB,
5_Chapter_4,11,416,text,,陽光有點太強了，可能會讓植物受傷哦!,,default,,0,440,441,UIKWYKXHKAJQQTPUWCZHIFVVKDLZLGENBFQWGFJAIQUIFU,
5_Chapter_4,12,417,text,,好像可以再把陽光調強一點，會達到更好的效率哦!,,default,,0,442,443,CFVIVFNYFVNJKFIWRAVLWMHTRGIAIAYHBLZVPXFXQMOGWO,
5_Chapter_4,13,418,text,,很好，你已經成功讓目前的葉子達到最好的效率了。,,小綠,,3,444,445,CEMTSNDRDORRKRQNJLNPWDMKHDRMNWDYLYIZWJOFPTLGWI,
5_Chapter_4,14,419,question,,想一想，葉子除了可以行光合作用以外，還有什麼其他的功用呢?,,小綠,,5,446,447,BLSTEFENBLUBYBKIEZZLTRFXSIERLIBENJRXDRUZDLNLVB,
5_Chapter_4,15,420,tip,,除了光合作用，葉子在植物的防禦中也有重要作用。有些植物的葉子會變得堅硬，或者長出尖刺，這樣能幫助植物避免被吃掉或受傷。這是不是葉子的另一個功能呢？,,小綠,,5,448,449,BOSALTYESBUHSGBILOSIDSZUGQSHOCVWQGGBZKEBOTYJCR,
5_Chapter_4,15,421,tip,,有些植物的葉子會對觸碰做出反應，比如含羞草的葉子會閉合，這是一種感覺和運動的表現。這樣的葉子是不是也有特殊的功能呢?,,小綠,,-1,450,451,OUKMUBQWORXLYPUXLGHOTAJBQALWLEWASJZDGLYQTKYKNW,
5_Chapter_4,15,422,answer,保護植物，避免植物受傷,沒錯，有些植物的葉子具有保護功能，比如仙人掌的刺狀葉子，可以保護植物免受動物的侵害，並減少水分流失。,,default,TRUE,0,452,453,CISQGSKLUYDNMSUDVHDRUWGQFTCNFQUVCKDRZNZYXKKCMV,
5_Chapter_4,15,423,answer,感覺和運動,沒錯，一些植物的葉子能感知環境變化，並進行運動。比如含羞草的葉子會在受到觸碰時合攏，捕蠅草的葉子會在捕捉到昆蟲時合攏。,,default,TRUE,0,454,455,UBVCFWVZHNFRKIXIAURYMGTRDMZUEEIANGTNGEOIRXTUVT,
5_Chapter_4,15,424,answer,吸收水分,吸收水分主要是由植物的根部完成的，而不是葉子的功能。,,default,FALSE,0,456,457,EFGHXLSQCYQFYJNGTZTBYRUYSUUGJPBDPFMZCAZCOMAHWV,
5_Chapter_4,16,425,text,,目前光合作用的效率已經達到上限，我們還可以讓供給的水分變多，來提高效率哦!,,小綠,,3,458,459,TWPKGIBIACUVDAPVKYZIHGTAAQSVJSBAQTXRSMZHABRVOD,
5_Chapter_4,17,426,text,,讓我們到下一單元去看看水分是如何運輸到葉子，以及我們剛剛生產完的養分會被送到哪裡吧!,,小綠,,3,460,461,YARJXLNVFSKSZPWGWGAWYVLQIUFPRLDGIEARVNYDKYFRDG,
6_Chapter_5,0,501,text,,歡迎來到第五單元，在這單元裡，我們要來認識植物中的莖有什麼功用哦!,,小綠,,3,464,465,IYIHXWIBCJWKFKHAVSDHKVMXWODJDYWVTRNKPNSORPAVPC,
6_Chapter_5,1,502,text,,現在我們來到了植物工廠中莖所在的區域。,,小綠,,3,466,467,EPCDUJZEPBOEJWTNJUHMOZRZQQCRYOWOAFKBFSAYAZFKST,
6_Chapter_5,2,503,text,,當植物從外界吸收水分後，就會透過植物的莖輸送水分到植物的各個地方去。,,小綠,,3,468,469,IPNPOISGPZFKNASKBGKJOYARYILKOHHAZVUXRMOISVNREV,
6_Chapter_5,3,504,text,,讓我們來實際參與運輸帶的輸送過程吧!,,小綠,,3,470,471,FTFBRMRNFXZATKFJVCJUFZKJNAVXAZBGAPEPWYFTUHQCXF,
6_Chapter_5,4,505,text,,我們來到了第一條運輸帶，這條運輸帶是要通往植物中一個小分支的。,,小綠,,3,472,473,TDNNENNPANPPAQLZLACEXNKWDPQLONVRSGPBAHUFQGVUAZ,
6_Chapter_5,5,506,question,,觀察看看，這條運輸帶正在運輸什麼呢?,,小綠,,-1,474,475,ERRJCLQNFHNEZXMECPXTEJUNDWSGZIDSIZXDZCISUZMKIW,
6_Chapter_5,6,507,answer,水,沒錯。,,default,TRUE,0,476,477,JFTVUENNHASSJAGGCBFICTPVTBKOLVYPYYCPCYCFBCKGET,
6_Chapter_5,7,508,answer,二氧化碳,再觀察看看，二氧化碳並沒有出現在這個運輸帶裡面哦!,,default,FALSE,0,478,479,PRVDSMXBKTTXKXEITGIZUUUGUAHXRZAIVVRLHXFYHYGBNC,
6_Chapter_5,8,509,answer,養分,再觀察看看，養分並沒有出現在這個運輸帶裡面哦!,,default,FALSE,0,480,481,LFWTUJTJISDCNBFMFYFPVPJRIULZTHHAWUCQTJOXPDKEOP,
6_Chapter_5,9,510,text,,這條運輸帶是植物裡輸送水分的運輸帶，它的方向是由下面的根部往上運輸到葉子的地方，提供給葉子行光合作用。,,小綠,,3,482,483,UZHWZOFGUHGOHJPCDIZHRWWUVHZHJWLVXQINHVPZDASEHS,
6_Chapter_5,10,511,text,,現在你可以操控面前的控制面板，調整運輸速度的快慢吧!,,小綠,,-1,484,485,FQAOWVBXUVMOKQSTRKYYGMPHARXSLZXCGGBPZGNLTDDJQF,
6_Chapter_5,11,512,text,,水傳輸的速度變慢了。,,小綠,,0,486,487,ERRJCLQNFHNEZXMECPXTEJUNDWSGZIDSIZXDZCISUZMKIW,
6_Chapter_5,12,513,text,,水傳輸的速度變快了。,,小綠,,0,488,489,JFTVUENNHASSJAGGCBFICTPVTBKOLVYPYYCPCYCFBCKGET,
6_Chapter_5,13,514,text,,使用電梯向上的按鈕，讓我們到葉子工廠看看有什麼變化吧!,,小綠,,3,490,491,PRVDSMXBKTTXKXEITGIZUUUGUAHXRZAIVVRLHXFYHYGBNC,
6_Chapter_5,14,515,text,,我們現在可以操控面板上面的水量大小拉桿，增加或減少來行光合作用的水量。,,小綠,,3,492,493,LFWTUJTJISDCNBFMFYFPVPJRIULZTHHAWUCQTJOXPDKEOP,
6_Chapter_5,15,516,question,,觀察牆壁上的效率圖表，看看有什麼變化呢?,,小綠,,-1,494,495,UZHWZOFGUHGOHJPCDIZHRWWUVHZHJWLVXQINHVPZDASEHS,
6_Chapter_5,16,517,answer,A,再觀察看看。,,default,FALSE,0,496,497,BSASRFCGYQXJMBJDGWBPYWMVLDLXBQQCQYQRRHWCBIEFKB,
6_Chapter_5,17,518,answer,B,沒錯。,,default,TRUE,0,498,499,BSASRFCGYQXJMBJDGWBPYWMVLDLXBQQCQYQRRHWCBIEFKB,
6_Chapter_5,18,519,text,,現在能提供的水量已經到達上限，需要從根部進更多水才能有足夠的水量來支援葉子行光合作用了。,,小綠,,3,500,501,CRSKCWATMKQSEFYCIFOPREGTQYJKIVBUREZXNSYKTGWTOB,
6_Chapter_5,19,520,text,,先把製造出來的養分運輸到根部吧!,,小綠,,-1,502,503,GEGQVLSYDOZHLMSGBVAVEHQCGSOWOSWSXGOWXOZQVYBZSP,
6_Chapter_5,20,521,text,,我們來到了第二條運輸帶，這條運輸帶是要將養分從葉子運輸到根儲存起來的。,,小綠,,3,504,505,NRTJVTWVFXWSVBISYFOEYMPUEBPDLDSYHVABWRUHLWPERS,
6_Chapter_5,21,522,text,,因為剛剛我們產出了更多的養分，所以現在等待運輸的養分數量有點多。,,小綠,,3,506,507,TGEXJKVCILSNRJXDLYYIRFSCKLGTHRUENBTIRUECHBZDTS,
6_Chapter_5,22,523,text,,讓我們使用控制面板，加快它的運輸速度吧!,,小綠,,-1,508,509,WAOALKWHEVJLEEZIHNATOSWGXZERFXUCSRNZQUMOWAIJLO,
6_Chapter_5,23,524,text,,很好，順利完成第二條運輸帶，讓它可以穩定運輸養分到植物的根了!,,小綠,,0,510,511,FJNKXJJBITNFRWMBOIYQHELUJGEWULUDBDELAJWYKWASNH,
6_Chapter_5,24,525,text,,我們成功讓莖運輸穩定的水分及養分，接著來看看養分會運到哪裡，以及如何增加水量吧!,,小綠,,3,512,513,WZWXMEXTIIUSKKTCYDQXSKQLEREDXDSBGEDKSHCYCVHZLB,
6_Chapter_5,25,526,question,,恭喜你完成這個單元。想一想，莖除了可以運輸水分及養分以外，還有什麼其他的功用呢?,,default,,-1,514,515,HUNDYHPCGDCHMWDNRWBBCULGXKSAJQUEEKQPIJPJZZGORQ,
6_Chapter_5,26,527,answer,支撐整株植物,沒錯，莖支撐著植物的各個部分，使它們能夠展開並接受陽光。,,default,TRUE,0,516,517,ADDDOFIQNIUQZUKOGJXGHFKHWSGDQWEGJDZRZPMFJCQKQE,
6_Chapter_5,27,528,answer,吸收水分和養分,吸收作用是根的主要功能，而不是莖的功能。,,default,FALSE,0,518,519,CSFUQIVGFBPFPBKQMHRYIRWQUXBXECHSKFRDWNVWPZSJYE,
6_Chapter_5,28,529,answer,儲存養分和水分,沒錯，某些植物的莖可以儲存養分和水分，幫助植物在不利環境中生存，例如：仙人掌需要在缺少水分的沙漠中生長，他的莖就需要儲存水分哦!,,default,TRUE,0,520,521,QINJKYKUOPYVTYJPBMKGZNTBIUTVMVZSKNWELXHLQYTECC,
7_Chapter_6,0,601,text,,歡迎來到第六單元，在這單元裡，我們要來認識植物中的根有什麼功用哦!,,小綠,,3,522,523,XGTWSVYVQPOYCZCWWYKXHYBQYNTRTIYAVNXAXFJNXGDGIB,
7_Chapter_6,1,602,text,,現在我們來到了植物工廠中根所在的區域。,,小綠,,3,524,525,PHFDJTTCIPDSUDYJDYICLMZUEWXXMXPZVUBNSDAEGORIXX,
7_Chapter_6,2,603,text,,當我們在幫植物澆水的時候，大都會把水澆在土壤上，就是因為水分都是從根部進入到植物裡面的。,,小綠,,3,526,527,QCKQWAFJLIMUSWCSAFJMDOSVEDLWKONKRIAZGJLKCOSOBM,
7_Chapter_6,3,604,text,,當根從外面吸收水分進來以後，便會先儲存在裡面，後續再運輸到植物的其他部位哦!,,小綠,,3,528,529,KOPUPHDTBEKOVWOBHATJGYDEFDCAHLDZGPKWOUCZSMGNTJ,
7_Chapter_6,4,605,text,,我們可以看到工廠的左邊，剛剛生產出來的養分正被放到那邊儲存。,,小綠,,3,530,531,LWIPEIZHHOOHUFTHSTYCGWCKDCEUOIWADQRSGSGPSYJGSG,
7_Chapter_6,5,606,text,,為了維持光合作用，我們需要幫植物補充水分。,,小綠,,3,532,533,HXCZWEAWEBVVDIWQGXWBPFDVMSYEBATRNLYKWCWTEMCCAV,
7_Chapter_6,6,607,text,,操控眼前的面板，讓水進入根部幫植物補水吧!,,小綠,,-1,534,535,FNDSGWJYVTVYVYCRWCOGOTHEQCAXOONALTXFHOBPZGHLTR,
7_Chapter_6,7,608,text,,水有點太多了，植物可能會被溺死。根吸收的水量必須要在適當的範圍內，過多過少都對植物的生長不利哦。,,小綠,,0,536,537,JANCRHNUATMKGIYRTWLIUJWOWAEKEHXAWCTYTXLCMTSLLW,
7_Chapter_6,8,609,text,,你調整了根的入水量，現在讓我們搭電梯往上去看看植物工廠的變化吧!,,小綠,,-1,538,539,UTDSHEDUOATCEYECMHOYHPZXHSABRBUTZDYKFRCHLFCDYC,
7_Chapter_6,9,610,text,,我們到了莖工廠，你可以在這裡調整水及養分的運輸速度。,,小綠,,-1,540,541,RRAHOOBQDASAYWRKTFOTCCDHLRKQVRRIRGPZHUIADBRAXM,
7_Chapter_6,10,611,text,,我們到了葉子工廠，你可以在這裡確認光合作用的效率以及控制陽光照射強度。,,小綠,,-1,542,543,YXXPIEVLZTEXMXVTEFBNSKWFYFKDERDZCAJZXXDBYZRRUN,
7_Chapter_6,11,612,text,,你可以使用電梯在各個廠景穿梭。想辦法調配各個工廠間的平衡，讓光合作用的效率達到最高吧!,,小綠,,-1,544,545,GPDYMTWCVBGAFIHKJAJSTSQIJJAYKDPADEDZLWWPXZZOCU,
7_Chapter_6,12,613,text,,你成功讓植物的光合作用達到最佳的效率，幫助植物穩定生長了。,,小綠,,3,546,547,MBZZBCNVBPOYVOZUGVGJTHHFYMTDCYSRNGNOZHOICIDRNT,
7_Chapter_6,13,614,question,,恭喜你完成這個單元。想一想，根除了可以吸收水分及儲存養分以外，還有什麼其他的功用呢?,,default,,-1,548,549,ZBXZXLOAEVIGXYVLLDPPABQNMPVAJUZBHZZXWAUEBGFODN,
7_Chapter_6,14,615,answer,支撐植物，固定植物在土壤中,沒錯，根可以穩固植物，確保植物在風吹雨打或土壤鬆動時不會被拔起。,,default,TRUE,0,550,551,NJLPDDCQOJXAIRRXJYXDICMCGKMLEEYFULPWKBBJMXMPCX,
7_Chapter_6,15,616,answer,幫助植物進行光合作用,再想想看，光合作用是由葉子負責進行的哦!,,default,FALSE,0,552,553,LSEIITHBAIUSJFYXSHUCNALFSBOBZLNJXAEIMGIMQBNLAU,
7_Chapter_6,16,617,answer,從土壤中吸收礦物質和養分,沒錯，根不僅吸收水分，還能從土壤中吸取植物生長所需的礦物質和養分哦!,,default,TRUE,0,554,555,QYNRBRPCMOSOEXQVHNVCCZBNPHDJVFYVEDIHVOSJTADJUQ,
8_Chapter_0,0,701,text,,歡迎來到操作教學關卡，在這裡，我將帶你學會怎麼進行各種操作哦!,,default,,-1,556,557,OIHAZBCKMLJIBNGKNMSWFOZTODYKKJDDFWFOFTNGJAFGCM,
8_Chapter_0,1,702,text,,用左手或右手的手把靠近要拿取的道具，並按下食指板機，即可跟道具互動。,,default,,-1,558,559,HGLHIACJKXZHOVBENJKYZYJBLILRUYHGJVVKNVMRTSIYEQ,
8_Chapter_0,2,703,text,,先試著幫我把面前的植物拿起來吧!,,default,,-1,560,561,QCWAGEXMDKPRJDCIJATIBJJAUSYADGKUBKMGVLJDISRKBK,
8_Chapter_0,3,704,text,,接下來，若要點選植物上的部位，請用另一隻手把對準你要點選的部位並按下食指板機。,,default,,-1,562,563,PHBDADTYZVHNEOLAJEQXKERKIHYZYGANXMWZQCCQZVENBL,
8_Chapter_0,4,705,text,,試著點選在發光的部位吧!,,default,,-1,564,565,ZCIASCXDJKARKFMHAAPGBWRAAKITBNYKJFNTTGCPXGYCFD,
8_Chapter_0,5,706,text,,很好，你已經學會基本操作了。,,default,,-1,566,567,OBGJXWPVGIZQTAFLWEJAJACXCTHAOHXZLAIYGYRWDPLKVP,
8_Chapter_0,6,707,text,,若是你要操控其他道具的話，也是以用手把指向道具並按下手把食指板機即可操作哦!,,default,,-1,568,569,UBEHLUFOPWHSOHHVSQFGTVBZFUDDJUPXFGMZPEFIRSPLYW,
8_Chapter_0,7,708,text,,恭喜你完成操作教學關卡，馬上進入其他單元開始學習吧!,,default,,-1,570,571,VFCWYGJEZNYEIKJJKHPDKLTXEDQLTZVZBHVXZSJFRLVNIC,
8_Chapter_0,,,,,,,,,,,,,
8_Chapter_0,,,,,,,,,,,,,
8_Chapter_0,,,,,,,,,,,,,
8_Chapter_0,,,,,,,,,,,,,
8_Chapter_0,,,,,,,,,,,,,
8_Chapter_0,,,,,,,,,,,,,
8_Chapter_0,,,,,,,,,,,,,
8_Chapter_0,,,,,,,,,,,,,
8_Chapter_0,,,,,,,,,,,,,
,,,,,,,,,,,,,
,,,,,,,,,,,,,
,,,,,,,,,,,,,
,,,,,,,,,,,,,
,,,,,,,,,,,,,
,,,,,,,,,,,,,
,,,,,,,,,,,,,
,,,,,,,,,,,,,
,,,,,,,,,,,,,
,,,,,,,,,,,,,
,,,,,,,,,,,,,
,,,,,,,,,,,,,
,,,,,,,,,,,,,
,,,,,,,,,,,,,
,,,,,,,,,,,,,
,,,,,,,,,,,,,
,,,,,,,,,,,,,
,,,,,,,,,,,,,
,,,,,,,,,,,,,
,,,,,,,,,,,,,
,,,,,,,,,,,,,
,,,,,,,,,,,,,
,,,,,,,,,,,,,
,,,,,,,,,,,,,
,,,,,,,,,,,,,
,,,,,,,,,,,,,
,,,,,,,,,,,,,
,,,,,,,,,,,,,
,,,,,,,,,,,,,
,,,,,,,,,,,,,
,,,,,,,,,,,,,
,,,,,,,,,,,,,
,,,,,,,,,,,,,
,,,,,,,,,,,,,
,,,,,,,,,,,,,
,,,,,,,,,,,,,
,,,,,,,,,,,,,
,,,,,,,,,,,,,
,,,,,,,,,,,,,
,,,,,,,,,,,,,
,,,,,,,,,,,,,
,,,,,,,,,,,,,
,,,,,,,,,,,,,
,,,,,,,,,,,,,
,,,,,,,,,,,,,
,,,,,,,,,,,,,
,,,,,,,,,,,,,
,,,,,,,,,,,,,
,,,,,,,,,,,,JCDAMIZTAPJWPRDYNDDZXURZWPWQPXANNHFYWWLTGTVLRR,
,,,,,,,,,,,,OSWUABAAPEKKDEZJCXPNOCBJGWQBKHRBSPSVQIITZWXAVR,
,,,,,,,,,,,,EKFJKYWRHIAMJICQJGLBUKDPMNNYENZXBTDEGREJMUQOZI,
,,,,,,,,,,,,IIUJGSJXLTAYPBUSHXOAYCNFAUVMGTCYHRKTTBHEXDKISM,
,,,,,,,,,,,,SWGBJXSGVFUFAQFFMJEXKXEOGJBXXOLCCIQKMGJSXXQZMU,
,,,,,,,,,,,,KIGYRFPPMIGZVAYBGVJULEEYXIJZXZLVXDMVJDOUSJLRAJ,
,,,,,,,,,,,,FZCEQFDHSERWNVWIQUBNYEGBKHLBOAGYIOOSLUQHDVDGDN,
,,,,,,,,,,,,WGVIWDRYVZWJVJIFKDTSNQPLHSURVXRSKLFMKZUDTDTBOY,
,,,,,,,,,,,,EOXMKIIZENHPTKDMGNLKBLYXDCWGGNEKHOLJNGIMAANLMV,
,,,,,,,,,,,,AMQHSJNRNVRJBXOOJEZBARHGMMHDANIMDLRKXQCOBARWGW,
,,,,,,,,,,,,KHZEYGSIZQBQXHDRERHDOVUTEFYTNNGPFRPDFYKRTVPOFY,
,,,,,,,,,,,,VMCKUUUCIJVANSDUSYAMXCAWEBYKSOUJOIZQAPONBJDLGO,
,,,,,,,,,,,,UAGLUCCRMNPWNMJMFPUKPNTHXIPVZBUMOHDDZTDCHSTTGJ,
,,,,,,,,,,,,IDHHLCYHMWZOUEUWAIECQUFNCVEQDRDKIUVMVDJORNVSWG,
,,,,,,,,,,,,TZLDQAAOGPWWMINGOWUNMBWUGXFXPNTGFSXOXQSJPEZQHY,
,,,,,,,,,,,,VAKUARQXIBLOGZGVYMJKMAFKNVTGSYMQPFITCFKRPAGFET,
,,,,,,,,,,,,XMBCZDVKMAXLSYEJAFXIXRJDGDSXBCJJJQJCVEFLKSRIIA,
,,,,,,,,,,,,GUWXHBZRDARJOKCSLKDQGHHYXFKQJOIZCVLYQICBJKMNOZ,
,,,,,,,,,,,,FFJZTTGITZXMGJRKEPSWAXYPEBSNHGTCACVJLIJSRVCSVY,
,,,,,,,,,,,,UNETJDYZJTEINZNIAHUMGQMXQVKOUHELADDOYIFHVGHZMJ,
,,,,,,,,,,,,RRXYIHTEYVRVEQYIAAYCEYGDCKXXVZTUKWIGGPOWUYFLGN,
,,,,,,,,,,,,QUZHLNGQYEHFPYXWQCHVJKHMMVDACDDIEHYLTKSHGKYXUR,
,,,,,,,,,,,,TRRVMMBPYTIMUOIBQZWUPKFVVQVAEQGJPHQXGDDBLYUTIM,
,,,,,,,,,,,,XPBDNRRORZFHHVNEZIOHWEZJUOEBSJUDXKYXVRNHTRTPXO,
,,,,,,,,,,,,MBLHVIIDWLKFKOOKUKHNVFXPGYOBDHSAPLQZOKARIVPOOG,
,,,,,,,,,,,,AKXIERHNGBCRSZDWKQNGYAGVYWNMPJPZKJVUVNJLGPIRNV,
,,,,,,,,,,,,UXMLAEDNIJRMYYUUMBOCZIJMASIEZYQJCGELYFYOHTCYRF,
,,,,,,,,,,,,XUUNZXHBFQCUWPYCAXXYUKIMKISUZYQWKINFZYQIRFWQPV,
,,,,,,,,,,,,JKIVSYXCDRWTCVOUYZULYALURYULUZFOGBXKQPHHCHOCMK,
,,,,,,,,,,,,YPGFHMNQHGHQZTLZMYBLHKZHBAHTKMDEACNBFCZJSNHFTT,
,,,,,,,,,,,,WOUSPQLEYUHZQENHNDAFWDEYYWZCROZACHBXFCLOJJFEAI,
,,,,,,,,,,,,FRUXBMJXJECBXPGISYBTDLMSXONFNBSZJXGEQCIKQLXEYM,
,,,,,,,,,,,,SIEYMNPGMKRELLXTPBYZZQICTPSDBPMQUHBWTIYGFIYTON,
,,,,,,,,,,,,FFMLTPQHVDCUCGEDZQMELJWJNCHYWFQIQIOLZJOXBOZDNX,
,,,,,,,,,,,,BTTATLTLMGUWZVRSCOYLNEZQGVHGWFDFZWYUZKDBIOUYCQ,
,,,,,,,,,,,,MTAQVIVBPIYEMFLRVIFYPZVTZQWQARYZWFWGMZBSSLBNFD,
,,,,,,,,,,,,FQAFFNTPSZQVJLZVEWJLFVHAKAIIOPGIBUWJFCCDBYFWYW,
,,,,,,,,,,,,AYGFZXPBRVCIEETKAGMNMZPFQJJFRHNKDCJUWNWZQWVJUQ,
,,,,,,,,,,,,HTQGUUKZWJQXSNYNGXBJACUBPSHGXVFNBEHGUFOZNOJCRW,
,,,,,,,,,,,,YUEHWDQHGRAYCBNLASTLWIWFQPTRJOYHPKMMXUTYXIQSYJ,
,,,,,,,,,,,,LTSHJHBZXGBEHHZEFKHHKTLPHFFCNQSOCBEEBPZLOTHLLY,
,,,,,,,,,,,,HJTVVAUCPAUNUQJFKBOJHXGESDNONHHIKRDFJPWLGQXBYF,
,,,,,,,,,,,,ZBLOWXPMMKLYOONXMUQWIGCVWOEBZZRMQBBEVSTSCAKLDR,
,,,,,,,,,,,,QWTNPFDXFVPHEALBOKDYUHHQAFSQTEDYNXUAQALUCLKDPP,
,,,,,,,,,,,,IIKGKZFKOSKEMVVDJQYPKOOFHUXUTNAHONLBQRLSITRSEF,
,,,,,,,,,,,,QWZHDVVDHTBTUKEAMJRTSMVMUZUCXNXJJMNANOLAUOCRMN,
,,,,,,,,,,,,JVGHEAWMTJOMVHHNTORVSAVLXSABTIDOVQBABFHIDFGGWG,
,,,,,,,,,,,,BCIRQBLECKMDHRMFQEPTFEXGZPYQQWAOGTYNFYUQAEMIZY,
,,,,,,,,,,,,FCAZVFHMJLIOQMHGDOUIGMZRVWRONUKNJXHHJPMHRBWSJO,
,,,,,,,,,,,,HMKUGDELEIBNEZBOHTSYVQTHNYRCBQYFBTFYXYDNJWXIPL,
,,,,,,,,,,,,MQLHJBFWTVQUYPRCRGBHXCJLAZLXQVCAEFVJYBSCARVRRR,
,,,,,,,,,,,,FHKLIRBKXHEVSOIVCZLFXXRQEMMVQTMTEAWSGXSVQANZFT,
,,,,,,,,,,,,LOOZAPSLUAQMZDHGSWNQYBJVNLCUXSELTPRBBVNDCFLACM,
,,,,,,,,,,,,NPAPUMIBCHSRJWWYUCRDVQVEZAMWKKPKREOPMGPBNERTZO,
,,,,,,,,,,,,ALIURNAGNAKPQXNYECTJAHVULKYVJMHUJBHRLDOBRTSFVJ,
,,,,,,,,,,,,UJXNFWTQPJGNARYNSCLNKEJEMBLNJATSUCMOPMACHYMPFT,
,,,,,,,,,,,,BPJYWJCXYEADOCUDTTAVDHKWYFOETQXTRHSRKQETWOHPRO,
,,,,,,,,,,,,YCQAAYDEWBVSBQVSEIVEIPRKWJSKQJWYQQMMZRTGLYRDDF,
,,,,,,,,,,,,TMJALJGNWNNUQGDDCOAGZVJWDFJQSPGAXMVSSKVODOJHBL,
,,,,,,,,,,,,AVLTFCLEIWVEXTAGDUBCSIPTSXKWOLDCJMKJDSEFAKJLTH,
,,,,,,,,,,,,CQUEGSXATLGQGAHEJQMGUWNGKNOAMLGFIGVEMXPWXRBMOZ,
,,,,,,,,,,,,UWPLYTZUVLMUUTJYTUPGZLIHNVJXYPYGHQEWNUSBOMMYBS,
,,,,,,,,,,,,VUJLIWUUIEWFLIIAINJQPRGNDSROQORLPMHLVLSDNTNEZR,
,,,,,,,,,,,,QFJYFJMNMDEGYODZACHPRKGFCHIPAVJFWVXSGCILYSFOKD,
,,,,,,,,,,,,HUAYMCTYNNORLTHDTANGMLJCDRXLHRMTCPSLNZKBDBUNCF,
,,,,,,,,,,,,QCLNQOVGFRNWIPLLEMDPBIDNKIWPWYRTLWISVYSNLZILJZ,
,,,,,,,,,,,,OYSIKHLQENQFPTTLXNHNRJUJLFGNTRJKXHKSRGRMZLJCOF,
,,,,,,,,,,,,YOXOSUPHJOXKKYQXMBTAZVPIKZAMIAJTWAMFYNITQNREKJ,
,,,,,,,,,,,,MBTCHNQGFBLPEEXMNBITUSKTOTJPZFZKYCCSLTHJUYQDQZ,
,,,,,,,,,,,,BFBUCCGAJTQROHHOBKAOZZFIHUEJDZMGOYNBZONEICJNJV,
,,,,,,,,,,,,DKHYDPFGDYNDPTNDOZAUOAHGZDTEJIKRNBJQMDMSKNZHPO,
,,,,,,,,,,,,ONHIRNTSCVLATWYONELJVXDTWKNLJZIKFHBOFQMEUESVVU,
,,,,,,,,,,,,VNFMVXKJAZPSTZQCOCTMDYWXAGAVQPPPZUNOFQPBOCHPND,
,,,,,,,,,,,,HFWBLBMWYCZYKYGZMXXREJQTFOOYKAZQQAYUCHEMSIIRZP,
,,,,,,,,,,,,OFTTYEVKEVEZZDKCZHXVPNJCQACGLIELGOAOWSNOHSAMJG,
,,,,,,,,,,,,SVXKORSQYLAVLZLPUKQBVKRXFSAHVHMIYGRIZIGLXUNTUB,
,,,,,,,,,,,,PZMEHAQPZPVGDSWCLJVFWVEYFDZHDAWXNRIXBXZIQMVKFY,
,,,,,,,,,,,,CVPKWGNBYTFDNRXVVIANURYHOAYFCUOHIJGQULDHHJQVHK,
,,,,,,,,,,,,VBRJVYRQBSIOFAEGWCOTETBGASRKRQCTBBVNMNDQHGJNXN,
,,,,,,,,,,,,EGCSJVTVDQLCLGJKQTLXWBTKPXDTRPLMGWKBHKXLQKKGVM,
,,,,,,,,,,,,JSLSJYCCGDYROGYIMYOHSOKWSJQDGLKPSEBTJBZNLPQLSJ,
,,,,,,,,,,,,BTLFSOAUVWVYSORSPWBJDRVBNHPBYFOTSUXUNAUWUFBGSN,